{"cameraMode":{"drawMode":0,"name":"Shaded","section":"Shading Mode"},"sceneLighting":false,"audioPlay":false,"sceneViewState":{"showFog":true,"showMaterialUpdate":false,"showSkybox":true,"showFlares":true,"showImageEffects":true,"showParticleSystems":true},"in2DMode":false,"pivot":{"x":83.91215515136719,"y":1.5614242553710938,"z":517.3368530273438},"rotation":{"x":0.06125196814537048,"y":-0.45803338289260867,"z":0.03165092691779137,"w":0.8862819075584412},"size":36.64839553833008,"orthographic":false}