{"cameraMode":{"drawMode":0,"name":"Shaded","section":"Shading Mode"},"sceneLighting":false,"audioPlay":false,"sceneViewState":{"showFog":true,"showMaterialUpdate":false,"showSkybox":true,"showFlares":true,"showImageEffects":true,"showParticleSystems":true},"in2DMode":false,"pivot":{"x":474.7791748046875,"y":0.8649442791938782,"z":512.1021118164063},"rotation":{"x":-0.08107071369886399,"y":0.4797881245613098,"z":-0.04409417510032654,"w":-0.8728335499763489},"size":82.30284881591797,"orthographic":false}