{"cameraMode":{"drawMode":0,"name":"Shaded","section":"Shading Mode"},"sceneLighting":false,"audioPlay":false,"sceneViewState":{"showFog":true,"showMaterialUpdate":false,"showSkybox":true,"showFlares":true,"showImageEffects":true,"showParticleSystems":true},"in2DMode":false,"pivot":{"x":673.6470947265625,"y":318.321533203125,"z":-15.0960693359375},"rotation":{"x":-0.018463172018527986,"y":0.8531836271286011,"z":-0.03019550070166588,"w":-0.5205401182174683},"size":693.7926635742188,"orthographic":false}