{"cameraMode":{"drawMode":0,"name":"Shaded","section":"Shading Mode"},"sceneLighting":false,"audioPlay":false,"sceneViewState":{"showFog":true,"showMaterialUpdate":false,"showSkybox":true,"showFlares":true,"showImageEffects":true,"showParticleSystems":true},"in2DMode":false,"pivot":{"x":94.37964630126953,"y":5.590826511383057,"z":493.2665100097656},"rotation":{"x":0.1602584421634674,"y":-0.5180923938751221,"z":0.09920439124107361,"w":0.8343804478645325},"size":12.566795349121094,"orthographic":false}