{"cameraMode":{"drawMode":0,"name":"Shaded","section":"Shading Mode"},"sceneLighting":false,"audioPlay":false,"sceneViewState":{"showFog":true,"showMaterialUpdate":false,"showSkybox":true,"showFlares":true,"showImageEffects":true,"showParticleSystems":true},"in2DMode":false,"pivot":{"x":156.6787567138672,"y":563.0333862304688,"z":-623.32861328125},"rotation":{"x":-0.19884918630123139,"y":-0.08930160105228424,"z":0.018438726663589479,"w":-0.9760501980781555},"size":69.41714477539063,"orthographic":false}