{"cameraMode":{"drawMode":0,"name":"Shaded","section":"Shading Mode"},"sceneLighting":false,"audioPlay":false,"sceneViewState":{"showFog":true,"showMaterialUpdate":false,"showSkybox":true,"showFlares":true,"showImageEffects":true,"showParticleSystems":true},"in2DMode":false,"pivot":{"x":739.3751220703125,"y":13.499577522277832,"z":440.6381530761719},"rotation":{"x":-0.09434463083744049,"y":-0.49339383840560915,"z":0.05399179086089134,"w":-0.8631893992424011},"size":3.777021646499634,"orthographic":false}