{"cameraMode":{"drawMode":0,"name":"Shaded","section":"Shading Mode"},"sceneLighting":false,"audioPlay":false,"sceneViewState":{"showFog":true,"showMaterialUpdate":false,"showSkybox":true,"showFlares":true,"showImageEffects":true,"showParticleSystems":true},"in2DMode":false,"pivot":{"x":763.697265625,"y":126.44961547851563,"z":-266.70269775390627},"rotation":{"x":0.10424889624118805,"y":0.5759693384170532,"z":-0.07439279556274414,"w":0.8076265454292297},"size":1300.9884033203125,"orthographic":false}