{"cameraMode":{"drawMode":0,"name":"Shaded","section":"Shading Mode"},"sceneLighting":true,"audioPlay":false,"sceneViewState":{"showFog":true,"showMaterialUpdate":false,"showSkybox":true,"showFlares":true,"showImageEffects":true,"showParticleSystems":true},"in2DMode":false,"pivot":{"x":438.16656494140627,"y":-26.994972229003908,"z":459.4395446777344},"rotation":{"x":0.12144900113344193,"y":-0.7954028844833374,"z":0.17064255475997926,"w":0.5697010159492493},"size":92.69107818603516,"orthographic":false}