{"cameraMode":{"drawMode":0,"name":"Shaded","section":"Shading Mode"},"sceneLighting":false,"audioPlay":false,"sceneViewState":{"showFog":true,"showMaterialUpdate":false,"showSkybox":true,"showFlares":true,"showImageEffects":true,"showParticleSystems":true},"in2DMode":false,"pivot":{"x":92.2683334350586,"y":4.670087814331055,"z":487.0802307128906},"rotation":{"x":-0.04886981472373009,"y":0.9274500012397766,"z":-0.12923888862133027,"w":-0.34774884581565859},"size":9.707448959350586,"orthographic":false}