{"cameraMode":{"drawMode":0,"name":"Shaded","section":"Shading Mode"},"sceneLighting":false,"audioPlay":false,"sceneViewState":{"showFog":true,"showMaterialUpdate":false,"showSkybox":true,"showFlares":true,"showImageEffects":true,"showParticleSystems":true},"in2DMode":false,"pivot":{"x":99.3388671875,"y":7.788424015045166,"z":494.83489990234377},"rotation":{"x":0.010498558171093464,"y":-0.9752742648124695,"z":0.21705731749534608,"w":0.04630875959992409},"size":0.054183244705200198,"orthographic":false}