{"cameraMode":{"drawMode":0,"name":"Shaded","section":"Shading Mode"},"sceneLighting":false,"audioPlay":false,"sceneViewState":{"showFog":true,"showMaterialUpdate":false,"showSkybox":true,"showFlares":true,"showImageEffects":true,"showParticleSystems":true},"in2DMode":false,"pivot":{"x":100.30374908447266,"y":5.992352485656738,"z":490.1590881347656},"rotation":{"x":-0.023670073598623277,"y":-0.9273746609687805,"z":0.06060143560171127,"w":-0.36862537264823916},"size":4.978107929229736,"orthographic":false}