{"cameraMode":{"drawMode":0,"name":"Shaded","section":"Shading Mode"},"sceneLighting":false,"audioPlay":false,"sceneViewState":{"showFog":true,"showMaterialUpdate":false,"showSkybox":true,"showFlares":true,"showImageEffects":true,"showParticleSystems":true},"in2DMode":false,"pivot":{"x":253.775390625,"y":324.8114929199219,"z":35.851837158203128},"rotation":{"x":-0.03059699572622776,"y":-0.0017898109508678318,"z":0.00017035682685673237,"w":-0.9995776414871216},"size":416.28375244140627,"orthographic":false}