{"cameraMode":{"drawMode":0,"name":"Shaded","section":"Shading Mode"},"sceneLighting":false,"audioPlay":false,"sceneViewState":{"showFog":true,"showMaterialUpdate":false,"showSkybox":true,"showFlares":true,"showImageEffects":true,"showParticleSystems":true},"in2DMode":false,"pivot":{"x":655.9596557617188,"y":311.4134826660156,"z":0.160888671875},"rotation":{"x":-0.02759379893541336,"y":-0.008964259177446366,"z":0.0006971704424358904,"w":-0.999660849571228},"size":606.5343627929688,"orthographic":false}