{"cameraMode":{"drawMode":0,"name":"Shaded","section":"Shading Mode"},"sceneLighting":false,"audioPlay":false,"sceneViewState":{"showFog":true,"showMaterialUpdate":false,"showSkybox":false,"showFlares":true,"showImageEffects":true,"showParticleSystems":true},"in2DMode":false,"pivot":{"x":1.9808452129364014,"y":1.0198369026184083,"z":-0.017681121826171876},"rotation":{"x":-0.031501512974500659,"y":-0.020695000886917115,"z":0.0005030930042266846,"w":-0.9997185468673706},"size":489.1338195800781,"orthographic":false}